mean_intensity,variance,median_intensity,min_intensity,max_intensity,entropy,edge_density,contrast,smoothness,skewness,kurtosis
0.0,-0.37959725918148146,0.05977471481744824,0.0,0.0,0.059719482364385096,-0.10034241772777863,0.25976137715952563,0.0998124309045098,0.0006185402762189096,0.19981134176009716
-0.4976498724440635,-0.2999448230116047,-0.047922470540320096,0.0,0.0,-0.1788516308706091,0.38072352103536944,-0.2520245766319047,0.2931615986938658,0.5253029512103455,0.27731574996569
0.2763358866621729,0.08835637607822182,-0.27746315317533726,0.0,0.0,-0.07233175996075326,0.2289091122850119,0.05493854652655136,0.18886837097622877,-0.2756253658892487,-0.011877566096078762
0.1235124165777381,-0.2390943268504639,-0.13193663678334128,0.0,0.0,0.07263831347943725,-0.3118068126636203,0.2497353141949262,0.21677021376281835,0.23861434189766403,-0.018322376208389658
-0.23782186443506612,-0.06944699000525806,-0.1241726295037554,0.0,0.0,-0.08106124135405286,-0.18106174202672418,-0.10101761442401146,0.06521229487457225,-0.07051976570624402,0.0
