mean_intensity,variance,median_intensity,min_intensity,max_intensity,entropy,edge_density,contrast,smoothness,skewness,kurtosis
-2.024173736585661e-05,-1.252293586735979e-05,3.400444984451674e-05,0.0,0.0,1.035928726193007e-05,0.0,6.717443466181036e-05,-1.1807680130012257e-05,0.00059046745300289,3.634095191969598e-05
1.2196813310882929e-05,-1.0752677917391651e-05,-6.246566772560858e-06,0.0,0.0,0.0,0.0,-4.8322337014239814e-05,0.0,0.00201510701860691,0.0
0.0,5.4517617592731e-06,-1.4756046808633982e-05,0.0,0.0,0.0,-5.918282728936122e-06,6.649654645182907e-05,0.0,0.001625533058093065,5.927452674298586e-06
9.357929229388016e-07,0.0,0.0,0.0,0.0,-8.296615937182852e-06,5.278517218249209e-06,1.0747769299635858e-05,2.449750900312701e-06,0.0019345353631411901,0.0
1.174310843157126e-05,0.0,3.9855837822002934e-05,0.0,0.0,1.83012088140241e-05,7.949074109386315e-06,-0.00011397520701090506,-8.73033205669475e-05,-0.006274382472038312,3.964126110077979e-05
