mean_intensity,variance,median_intensity,min_intensity,max_intensity,entropy,edge_density,contrast,smoothness,skewness,kurtosis
0.010138227014491966,0.002238533645868317,-0.010506161667096134,0.0,0.0,-0.02055448015065244,-0.0013123984215781229,0.0399356947823738,0.0012499380623922085,-0.06027357666753236,0.0013136251596734124
2.419610197350089e-05,-0.00573000174869489,-0.00013969578625017132,0.0,0.0,0.05832782214274614,0.0030975146257943916,-0.10528312404640017,6.28390349448514e-05,0.1359255048097109,5.831985423959798e-05
-0.034965100690024,0.003127409843727995,0.021007585816551193,0.0,0.0,0.005931405195733424,0.02512115052435562,0.005132968208053939,0.009852495073573685,-0.06172113665496018,0.005548563817283176
0.00012277326080948058,0.0003473380968595549,0.050442098683367145,0.0,0.0,-0.05181092768907545,-0.00045481659937650354,0.0059391463128849855,3.341496922075861e-05,0.018049554848112177,4.431651129077132e-05
-0.001210153409584363,-0.0021571546045239527,-0.006955392544533897,0.0,0.0,0.0006929695051020313,1.3657379895459723e-05,0.00427210840772694,-0.0012301389633928585,-0.04632127215736548,0.0027046989394315948
